id,url,contact_email,contact_address,contact_number,language,cms_mvc,category
1,https://rayspaces.com,INFO@RAYSPACES.COMSubscribe,,,en,Wix.com Website Builder,Blog
2,https://realmaster.in,,Proudly Served by LiteSpeed Web Server at realmaster.in Port 443,,,,
3,https://recruitplus.in,,,,,,
4,https://redinkindia.in,info@Redink.com,"I have 15 years total experience in IT field, during my wonderful journey I have searve for IBM, JK, Defence Ministry at NCR locations.",+91 9936722984,zxx,,E-commerce
5,https://reddecor.co.in,reddecor7863@gmail.com,,9833737487,en-US,WordPress 6.5.5,Blog
6,https://relaxidea.com,reddaiah@relaxidea.com,,7670847601,en-US,WordPress 6.5.5,Blog
7,https://rentalmitra.in,,,,en,,
8,https://researcharticles.in,,,,,,
9,https://returngifts.site,,,,en-US,WordPress 6.5.5,Blog
10,https://revvedup.co.in,,,,,,
11,https://reviewown.in,,,,en-US,WordPress 6.5.5,Blog
12,https://rewindstories.in,,,,en,Free UnderConstructionPage plugin for WordPress,
13,https://rimcafe.net,,,,,,
14,https://sparklewings.co.in,Defenseventure@info.com,,(818) 700-1514,en-US,WordPress 6.5.5,Blog
15,https://speedyrocketstore.in,speedyrocketstore@gmail.com,,,en,,Blog
16,https://spendly.in,,,,en,,
17,https://spltech.co.in,,,,,,
18,https://sskfs.in,,,,,,
19,https://sreepadasreevallabha.co.in,,,,,,
20,https://ssninfotech.in,info@ssninfotech.in,,-8130721339,en,,Blog
21,https://srinagarkayaking.in,,,,en-US,WordPress 6.5.5,Blog
22,https://ssscorp.in,,,,en,,
23,https://srivenkateshwaraplastic.in,svp1233@yahoo.in,,8048778240,en,,
24,https://starsteelengineeringworks.in,wadoodabdul076@gmail.com,,8048777197,en,,E-commerce
25,https://stellarsofttech.in,,,,en,WordPress 6.5.5,Blog
26,https://stepuptechnologies.co.in,,,,en-US,WordPress 6.5.5,
27,https://studiospacemonk.com,,,,,,
28,https://studiotra.in,,,,,,
29,https://studykoro.in,,,,en-US,WordPress 6.5.5,Blog
30,https://studynewday.in,,,,,,
31,https://stylerzgiftsinc.in,,,8.04764E+11,,,
32,https://subjective.co.in,,,,,,
33,https://stoga.co.in,,,,,,
34,https://structureaba.com,,,,,,
35,https://sunpharmacynellore.edu.in,,,,,,
36,https://rohinihatcharies.com,,,,,,
37,https://rohitedu.in,,,,,,
38,https://roosevelt.in,,,,en,Wix.com Website Builder,Blog
39,https://rootedskincare.in,effectiveness.EmailSupport@rootedskincare.inSubscribe,,,en,,Blog
40,https://rootsandwings.in,,,,,,
41,https://royalfundadvisors.in,,,,en,,Blog
42,https://rozota.in,rozotahealthcarejpr@gmail.com,,,,,
43,https://royalspabandra.in,royalspa@gmail.com,,,en,,Blog
44,https://rpowertvservices.in,rpowertvservices@gmail.com,,6382385709,zxx,,
45,https://rspromedia.xyz,,,,en-US,WordPress 6.5.5,Blog
46,https://rucraftbar.in,Infor@rucraftbar.in,,+91 8688024867,,,Blog
47,https://rummy101.in,ravinderkumarfbd@gmail.com,,,en-US,All in One SEO (AIOSEO) 4.6.5,Blog
48,https://rudranxt.in,,,,,,
49,https://rvcjhr.com,,,,,,
50,https://rwth.in,,,,,,Blog
51,https://rymphquality.co.in,,,,,,
52,https://sabkaprints.xyz,Admin@gmail.com,,9112345678,en,,
53,https://saarthitourandtravel.in,,,,en-US,WordPress,
54,https://safwaanballoons.com,,,,,,
55,https://safexindia.org.in,,,-9234602912,en-US,WordPress 6.5.5,Blog
56,https://sahayogfoundation.co.in,,,,,,
57,https://sahr.in,,,,en,,
58,https://saiaradhana.com,,,,,,
59,https://supplementnation.in,,,,,,
60,https://suryabhoomi.com,suryabhoomiinfraprojectp@gmail.com,,-7398953478,,,E-commerce
61,https://swarnavasudha.com,,,,,,
62,https://swasthyayu.co.in,,,,,,
63,https://swastik-enterprises.net,,,,en,,Blog
64,https://symmetria.in,info@symmetriq.org,,,en,Wix.com Website Builder,Blog
65,https://syncglobal.in,info@domain.com,,-5489,en-US,WordPress 6.5.5,Blog
66,https://talentmarg.com,,,,,,
67,https://tamilnadu24property.com,,,,en,,Blog
68,https://talkiteasy.in,,,,en,,
69,https://tasmeem.co.in,,,,,,
70,https://tata1mg.co.in,,,,en-US,,
71,https://tataelectronics.io,,,,,,
72,https://swamisamarthenterprises.co.in,,,,,,
73,https://swadishtindia.in,yogurt.swadishtindiaofficial@gmail.com,,,en,,Blog
74,https://swtech.co.in,,,,en,,
75,https://sylvora.co.in,,,,,,
76,https://tagsen.us,,,,,,
77,https://tajexoticaresortspa.in,,,+1 (212) 255-5511,en-US,WordPress 6.5.5,Blog
78,https://tallbuilding.in,,,,,,
79,https://tantrakulam.in,,,,,,
80,https://tantratherapy.in,,,,en,,
81,https://techacademyy.in,info@techacademyy.in,,9354870522,en-US,WordPress 6.5.5,
82,https://techblox.in,contact@techblox.in,,,en,,
83,https://tejasinst.org.in,9182389791tejapolaki112@gmail.comTimingsMonday,,+91 9490932961,en-US,All in One SEO (AIOSEO) 4.6.5,Blog
84,https://teksai.co.in,,,,,,
85,https://tenshop.in,,,,en-US,WordPress 6.5.5,Blog
86,https://teproductandsolutions.io,,,,,,
87,https://terrabybptp.in,,,-7090550008,en,,
88,https://terixapharma.net,,,,,,
89,https://terratechbags.com,info@terratechbags.com,,+91 9091022022,en,,Blog
90,https://terratore.in,Emailjugapro@jugapro.com,,-3915052,en-US,WordPress 6.4.1,Blog
91,https://tewsonline.co.in,satishtci15@gmail.com,,7318380493,en,,Blog
92,https://theaceestatesyamuna.co.in,,,,,,
93,https://thedivinekitchen.co.in,,,,,,
94,https://thedataguru.online,,,+91 7738029770,en,,Blog
95,https://thefootpath.in,,,,en,,E-commerce
96,https://thefitlife.co.in,,,,,,
97,https://thefoodprojects.in,,,,en-US,WordPress 6.5.5,Blog
98,https://theglobalizeindia.in,,,,en-US,,
99,https://theglowrise.in,,,,en-US,WordPress 6.5.5,Blog
100,https://teaburnreviews.us,,,,,,E-commerce
101,https://techydunia.in,,,,en-US,WordPress 6.5.5,Blog
102,https://tejonemodelcolony.co.in,,,,,,
103,https://telangana24property.com,,,,en,,Blog
104,https://telanganagovt.in,,,,en,,
105,https://temblorpoesia.com,,,,,,
106,https://teluguesportscommunity.in,,,,en-US,,
107,https://teluguprompts.com,,,,,,
108,https://thatwebflowagency.com,,,,,,
109,https://thailand-tour.in,,,,en-US,WordPress 5.1.1,Blog
110,https://thecarzilla.co.in,,,,,,
111,https://thecreativehub.in,9099988912info.tchteam@gmail.comFirst,,+91 9099988912,en,Wix.com Website Builder,Blog
112,https://thecrystalclear.in,,,9938718821,en,Wix.com Website Builder,Blog
113,https://thedgsky.in,Onlinecourse@mail.com,,+1-(314) 892-2600,en-US,WordPress 6.5.5,Blog
114,https://thedigitalmeta.in,metainfotech01@gmail.com,,,en-US,WordPress 6.5.5,Blog
115,https://thegoodchoice.in,,,,en,,Blog
116,https://theirishplatinum.in,,,-9711373601,en,,
117,https://techinfoss.com,,,,en-US,WordPress 6.5.5,Blog
118,https://technologygrabs.online,,,,,,
119,https://technologygrabs.org,,,,,,
120,https://technomotion.in,,,,,,
121,https://techprosoft.in,,,,,,
122,https://tgpannel.in,,,,en,,Blog
123,https://the55club.in,,,7.41523E+11,en-US,WordPress 6.5.5,Blog
124,https://theabhishek.tech,abanand132@gmail.com,,,en,,Blog
125,https://theaniketgroup.com,Aniketcorporationahm@gmail.com,,+91 9512544544,en,Wix.com Website Builder,Blog
126,https://tea20.co.in,,,,,,
127,https://techsurgeon.in,,,,,,
128,https://techjio.in,,,,,,
129,https://techmadiva.com,support@techmadiva.com,,,en_GB,,
130,https://techtrendinsights.co.in,,,,en-GB,WordPress 6.5.5,Blog
131,https://thallikivandanam.in,,,,en,,
132,https://thecoparent.in,,,,,,
133,https://thecraftworld.in,,,,,,
134,https://thecreativegroup.co.in,,,,,,
135,https://thedentologist.in,,,,,,
136,https://thecloth.in,,,,,,
137,https://thedivyasharma.in,info@thedivyasharma.in,,+91 9311683016,en-US,WordPress 6.5.5,Blog
138,https://thedecorsolutions.in,,,,en-US,WordPress 6.5.5,
139,https://thefirstdirection.in,,,,,,
140,https://thegamechanger.co.in,,,,,,
141,https://thehealinghomes.in,,,,en,,Blog
142,https://thehomestores.co.in,,,,,,
143,https://thehouseofjersey.in,,,,en,,Blog
144,https://thekick.in,,,,,,
145,https://surgicalclub.in,90807jk@surgicalclub.in,,,en,Wix.com Website Builder,Blog
146,https://surgimeddevices.in,info@surgimeddevices.com,,-7600716783,en,,
147,https://questionhours.com,,,,en-US,WordPress 6.5.5,Blog
148,https://quickpickstore.in,,,,en,,Blog
149,https://quizwithai.in,,,,,,
150,https://raftnotion.co.in,,,,,,
151,https://raghvanicapital.com,contact@example.com,,345-678-9101,en-US,WordPress 6.5.5,Blog
152,https://raixpy.tech,,,,en,,
153,https://rajasthan24property.com,,,,en,,Blog
154,https://rajegroup.co.in,,,,,,
155,https://rajtechno.co.in,,,,,,
156,https://rankrocket.co.in,,,,,,
157,https://tlbef.in,Tlbef@gmail.com,,9350702028,en,,
